time_ms,amplitude
0.0,-0.2994416243654823
0.004004004004004004,-0.29975183305132547
0.008008008008008008,-0.29993795826283143
0.012012012012012012,-0.2996277495769882
0.016016016016016016,-0.2994416243654823
0.02002002002002002,-0.2994416243654823
0.024024024024024024,-0.2990693739424704
0.028028028028028028,-0.298448956570784
0.03203203203203203,-0.29758037225042305
0.036036036036036036,-0.2966497461928934
0.04004004004004004,-0.2954089114495206
0.044044044044044044,-0.2942301184433164
0.04804804804804805,-0.2932994923857868
0.05205205205205205,-0.2923688663282572
0.056056056056056056,-0.2914382402707276
0.06006006006006006,-0.29050761421319804
0.06406406406406406,-0.2895769881556684
0.06806806806806806,-0.28839819514946424
0.07207207207207207,-0.2871573604060914
0.07607607607607608,-0.2856063169768754
0.08008008008008008,-0.284117315284828
0.08408408408408408,-0.28287648054145514
0.08808808808808809,-0.2815115623237451
0.0920920920920921,-0.2799605188945291
0.0960960960960961,-0.27878172588832495
0.10010010010010009,-0.2778510998307953
0.1041041041041041,-0.2764241398759166
0.10810810810810811,-0.27487309644670055
0.11211211211211211,-0.2736322617033277
0.11611611611611611,-0.2723914269599549
0.12012012012012012,-0.27115059221658205
0.12412412412412413,-0.2699097574732093
0.12812812812812813,-0.2686689227298365
0.13213213213213212,-0.26724196277495776
0.13613613613613612,-0.26569091934574174
0.14014014014014015,-0.26463620981387487
0.14414414414414414,-0.26370558375634523
0.14814814814814814,-0.2624647490129724
0.15215215215215216,-0.26116187253243095
0.15615615615615616,-0.2596108291032149
0.16016016016016016,-0.2580597856739989
0.16416416416416416,-0.25650874224478293
0.16816816816816815,-0.2553299492385787
0.17217217217217218,-0.2543993231810491
0.17617617617617617,-0.2532205301748449
0.18018018018018017,-0.25197969543147214
0.1841841841841842,-0.2507388606880993
0.1881881881881882,-0.24943598420755786
0.1921921921921922,-0.24788494077834186
0.1961961961961962,-0.24658206429780039
0.20020020020020018,-0.24565143824027075
0.2042042042042042,-0.2443485617597293
0.2082082082082082,-0.24279751833051333
0.2122122122122122,-0.24149464184997185
0.21621621621621623,-0.240253807106599
0.22022022022022023,-0.2390129723632262
0.22422422422422422,-0.23771009588268477
0.22822822822822822,-0.23615905245346877
0.23223223223223222,-0.23473209249859003
0.23623623623623624,-0.23349125775521717
0.24024024024024024,-0.23225042301184434
0.24424424424424424,-0.23100958826847154
0.24824824824824826,-0.22976875352509873
0.25225225225225223,-0.2285279187817259
0.25625625625625625,-0.22697687535250988
0.2602602602602603,-0.22554991539763114
0.26426426426426425,-0.22461928934010153
0.2682682682682683,-0.22344049633389737
0.27227227227227224,-0.22188945290468134
0.27627627627627627,-0.22052453468697125
0.2802802802802803,-0.21928369994359845
0.28428428428428426,-0.2177946982515511
0.2882882882882883,-0.21624365482233504
0.2922922922922923,-0.21500282007896224
0.2962962962962963,-0.21376198533558943
0.3003003003003003,-0.21252115059221663
0.30430430430430433,-0.2111562323745065
0.3083083083083083,-0.20960518894529048
0.3123123123123123,-0.2082402707275804
0.3163163163163163,-0.20699943598420759
0.3203203203203203,-0.20575860124083478
0.32432432432432434,-0.20451776649746195
0.3283283283283283,-0.20296672306824592
0.33233233233233234,-0.2014156796390299
0.3363363363363363,-0.19986463620981393
0.34034034034034033,-0.1984376762549352
0.34434434434434436,-0.19719684151156236
0.3483483483483483,-0.19576988155668362
0.35235235235235235,-0.1942188381274676
0.3563563563563564,-0.19266779469825157
0.36036036036036034,-0.19111675126903555
0.36436436436436437,-0.18987591652566274
0.3683683683683684,-0.18863508178228994
0.37237237237237236,-0.18739424703891713
0.3763763763763764,-0.186029328821207
0.38038038038038036,-0.18447828539199104
0.3843843843843844,-0.18311336717428092
0.3883883883883884,-0.18187253243090812
0.3923923923923924,-0.18063169768753531
0.3963963963963964,-0.1793908629441625
0.40040040040040037,-0.17815002820078968
0.4044044044044044,-0.17678510998307959
0.4084084084084084,-0.17492385786802034
0.4124124124124124,-0.17331077270163567
0.4164164164164164,-0.17206993795826284
0.42042042042042044,-0.17082910321489003
0.4244244244244244,-0.16958826847151723
0.42842842842842843,-0.16834743372814442
0.43243243243243246,-0.1671065989847716
0.4364364364364364,-0.1652453468697124
0.44044044044044045,-0.16350817822899047
0.4444444444444444,-0.16226734348561767
0.44844844844844844,-0.16102650874224483
0.45245245245245247,-0.159785673998872
0.45645645645645644,-0.15835871404399327
0.46046046046046046,-0.15680767061477724
0.46446446446446443,-0.15550479413423582
0.46846846846846846,-0.15426395939086301
0.4724724724724725,-0.152712915961647
0.47647647647647645,-0.1512239142695996
0.4804804804804805,-0.14998307952622678
0.4844844844844845,-0.14861816130851666
0.48848848848848847,-0.14706711787930069
0.4924924924924925,-0.14570219966159056
0.4964964964964965,-0.14446136491821776
0.5005005005005005,-0.14322053017484493
0.5045045045045045,-0.14197969543147215
0.5085085085085085,-0.14073886068809932
0.5125125125125125,-0.13943598420755787
0.5165165165165165,-0.13788494077834182
0.5205205205205206,-0.13645798082346308
0.5245245245245245,-0.1352171460800903
0.5285285285285285,-0.13397631133671747
0.5325325325325325,-0.13273547659334467
0.5365365365365365,-0.13124647490129726
0.5405405405405406,-0.12969543147208124
0.5445445445445445,-0.12876480541455163
0.5485485485485485,-0.12771009588268473
0.5525525525525525,-0.12615905245346873
0.5565565565565566,-0.12473209249858999
0.5605605605605606,-0.12349125775521716
0.5645645645645646,-0.12225042301184433
0.5685685685685685,-0.12100958826847151
0.5725725725725725,-0.1197687535250987
0.5765765765765766,-0.11852791878172592
0.5805805805805806,-0.11697687535250989
0.5845845845845846,-0.1154878736604625
0.5885885885885885,-0.11424703891708972
0.5925925925925926,-0.11313028764805418
0.5965965965965966,-0.11219966159052457
0.6006006006006006,-0.11089678510998312
0.6046046046046046,-0.1093457416807671
0.6086086086086087,-0.10804286520022563
0.6126126126126126,-0.10680203045685283
0.6166166166166166,-0.1058714043993232
0.6206206206206206,-0.10481669486745632
0.6246246246246246,-0.1032656514382403
0.6286286286286287,-0.10183869148336157
0.6326326326326326,-0.10059785673998876
0.6366366366366366,-0.09935702199661593
0.6406406406406406,-0.0981161872532431
0.6446446446446447,-0.0968753525098703
0.6486486486486487,-0.0956345177664975
0.6526526526526526,-0.0943936830231247
0.6566566566566566,-0.09309080654258321
0.6606606606606606,-0.09153976311336719
0.6646646646646647,-0.09011280315848845
0.6686686686686687,-0.08887196841511565
0.6726726726726726,-0.08763113367174286
0.6766766766766766,-0.08639029892837001
0.6806806806806807,-0.0851494641849972
0.6846846846846847,-0.08390862944162442
0.6886886886886887,-0.08266779469825158
0.6926926926926927,-0.08142695995487877
0.6966966966966966,-0.08018612521150595
0.7007007007007007,-0.07894529046813312
0.7047047047047047,-0.07770445572476029
0.7087087087087087,-0.07646362098138748
0.7127127127127127,-0.07522278623801469
0.7167167167167167,-0.07398195149464189
0.7207207207207207,-0.07274111675126904
0.7247247247247247,-0.07119007332205302
0.7287287287287287,-0.06976311336717426
0.7327327327327328,-0.06883248730964468
0.7367367367367368,-0.0677777777777778
0.7407407407407407,-0.06653694303440502
0.7447447447447447,-0.06529610829103218
0.7487487487487487,-0.06405527354765933
0.7527527527527528,-0.06306260575296108
0.7567567567567568,-0.062131979695431494
0.7607607607607607,-0.06089114495205872
0.7647647647647647,-0.05965031020868589
0.7687687687687688,-0.058409475465313034
0.7727727727727728,-0.0571686407219402
0.7767767767767768,-0.05592780597856741
0.7807807807807807,-0.054873096446700555
0.7847847847847848,-0.05394247038917095
0.7887887887887888,-0.05276367738296677
0.7927927927927928,-0.051522842639593947
0.7967967967967968,-0.05059221658206433
0.8008008008008007,-0.049661590524534734
0.8048048048048048,-0.048730964467005096
0.8088088088088088,-0.04780033840947548
0.8128128128128128,-0.0468697123519459
0.8168168168168168,-0.04575296108291036
0.8208208208208209,-0.044512126339537536
0.8248248248248248,-0.04351945854483929
0.8288288288288288,-0.04258883248730966
0.8328328328328328,-0.04165820642978004
0.8368368368368369,-0.040727580372250424
0.8408408408408409,-0.039796954314720835
0.8448448448448448,-0.03874224478285399
0.8488488488488488,-0.03750141003948118
0.8528528528528528,-0.03663282571912021
0.8568568568568569,-0.03601240834743379
0.8608608608608609,-0.03489565707839823
0.8648648648648649,-0.03365482233502537
0.8688688688688688,-0.03241398759165259
0.8728728728728729,-0.03129723632261706
0.8768768768768769,-0.030676818950930645
0.8808808808808809,-0.02980823463056968
0.8848848848848849,-0.028567399887196882
0.8888888888888888,-0.027512690355329994
0.8928928928928929,-0.02658206429780033
0.8968968968968969,-0.025651438240270726
0.9009009009009009,-0.024720812182741136
0.9049049049049049,-0.023790186125211516
0.9089089089089089,-0.02285956006768192
0.9129129129129129,-0.021928934010152286
0.9169169169169169,-0.02087422447828539
0.9209209209209209,-0.019633389734912594
0.924924924924925,-0.018764805414551628
0.9289289289289289,-0.018144388042865233
0.9329329329329329,-0.017027636773829718
0.9369369369369369,-0.015786802030456903
0.9409409409409409,-0.014545967287084079
0.944944944944945,-0.013367174280879893
0.948948948948949,-0.012436548223350274
0.9529529529529529,-0.011505922165820675
0.9569569569569569,-0.010575296108291042
0.960960960960961,-0.009458544839255512
0.964964964964965,-0.008217710095882718
0.968968968968969,-0.007473209249859027
0.9729729729729729,-0.006852791878172632
0.9769769769769769,-0.005611957134799805
0.980980980980981,-0.004495205865764246
0.984984984984985,-0.0038747884940778334
0.988988988988989,-0.0030062041737168683
0.992992992992993,-0.0017653694303440735
0.996996996996997,-0.000710659898477201
1.001001001001001,0.0002199661590524583
1.005005005005005,0.0013987591652566225
1.009009009009009,0.0026395939086294173
1.013013013013013,0.0035702199661590325
1.017017017017017,0.004438804286519975
1.021021021021021,0.0050592216582064295
1.025025025025025,0.005927805978567406
1.029029029029029,0.007168640721940202
1.033033033033033,0.008223350253807113
1.037037037037037,0.009153976311336676
1.0410410410410411,0.010084602368866314
1.045045045045045,0.011015228426395907
1.049049049049049,0.011945854483925515
1.053053053053053,0.012814438804286519
1.057057057057057,0.013434856175972905
1.0610610610610611,0.014303440496333896
1.065065065065065,0.01554427523970669
1.069069069069069,0.016598984771573566
1.073073073073073,0.01752961082910321
1.077077077077077,0.018460236886632793
1.0810810810810811,0.019390862944162424
1.085085085085085,0.020321489001692016
1.089089089089089,0.021252115059221612
1.093093093093093,0.02218274111675127
1.097097097097097,0.02311336717428086
1.1011011011011012,0.024043993231810477
1.105105105105105,0.024974619289340055
1.1091091091091092,0.0259052453468697
1.1131131131131131,0.026835871404399306
1.117117117117117,0.027766497461928913
1.1211211211211212,0.028697123519458544
1.125125125125125,0.029627749576988126
1.1291291291291292,0.03055837563451777
1.1331331331331331,0.03148900169204736
1.137137137137137,0.032419627749576956
1.1411411411411412,0.03353637901861252
1.145145145145145,0.03477721376198529
1.1491491491491492,0.03552171460800903
1.1531531531531531,0.03614213197969543
1.157157157157157,0.03707275803722502
1.1611611611611612,0.038003384094754664
1.165165165165165,0.038934010152284225
1.1691691691691692,0.039988719684151144
1.1731731731731732,0.04122955442752395
1.177177177177177,0.04228426395939083
1.1811811811811812,0.04321489001692048
1.1851851851851851,0.043897349125775496
1.1891891891891893,0.04451776649746192
1.1931931931931932,0.045758601240834716
1.197197197197197,0.046937394247038876
1.2012012012012012,0.047868020304568534
1.2052052052052051,0.04867456288776085
1.2092092092092093,0.04929498025944725
1.2132132132132132,0.05028764805414547
1.2172172172172173,0.05152848279751834
1.2212212212212212,0.052272983643542006
1.2252252252252251,0.05289340101522841
1.2292292292292293,0.05413423575860123
1.2332332332332332,0.055313028764805365
1.2372372372372373,0.056243654822335024
1.2412412412412412,0.057298364354201915
1.2452452452452452,0.058539199097574705
1.2492492492492493,0.0594077834179357
1.2532532532532532,0.06002820078962209
1.2572572572572573,0.061144952058657644
1.2612612612612613,0.06238578680203044
1.2652652652652652,0.06331641285956005
1.2692692692692693,0.06430908065425835
1.2732732732732732,0.06554991539763111
1.2772772772772774,0.06666666666666667
1.2812812812812813,0.06759729272419625
1.2852852852852852,0.06871404399323176
1.2892892892892893,0.06995487873660462
1.2932932932932932,0.0711957134799774
1.2972972972972974,0.07243654822335024
1.3013013013013013,0.07367738296672303
1.3053053053053052,0.0748561759729272
1.3093093093093093,0.07578680203045685
1.3133133133133132,0.07684151156232372
1.3173173173173174,0.07808234630569655
1.3213213213213213,0.07932318104906934
1.3253253253253252,0.08056401579244213
1.3293293293293293,0.081804850535815
1.3333333333333333,0.08304568527918779
1.3373373373373374,0.0839763113367174
1.3413413413413413,0.08503102086858425
1.3453453453453452,0.08658206429780026
1.3493493493493494,0.08788494077834179
1.3533533533533533,0.08881556683587137
1.3573573573573574,0.09011844331641286
1.3613613613613613,0.09166948674562882
1.3653653653653655,0.09272419627749576
1.3693693693693694,0.09365482233502537
1.3733733733733733,0.09489565707839816
1.3773773773773774,0.09613649182177102
1.3813813813813813,0.09737732656514378
1.3853853853853855,0.09849407783417935
1.3893893893893894,0.09942470389170896
1.3933933933933933,0.10054145516074449
1.3973973973973974,0.10178228990411735
1.4014014014014013,0.10302312464749011
1.4054054054054055,0.10426395939086294
1.4094094094094094,0.10550479413423572
1.4134134134134133,0.10668358714043988
1.4174174174174174,0.10761421319796956
1.4214214214214214,0.1087930062041737
1.4254254254254255,0.11034404963338973
1.4294294294294294,0.11152284263959387
1.4334334334334333,0.11245346869712348
1.4374374374374375,0.11388042865200226
1.4414414414414414,0.11543147208121826
1.4454454454454455,0.11636209813874787
1.4494494494494494,0.11735476593344608
1.4534534534534533,0.11859560067681889
1.4574574574574575,0.11983643542019176
1.4614614614614614,0.12107727016356457
1.4654654654654655,0.1223181049069374
1.4694694694694694,0.12355893965031016
1.4734734734734736,0.12455160744500846
1.4774774774774775,0.12548223350253807
1.4814814814814814,0.12672306824591087
1.4854854854854855,0.12796390298928373
1.4894894894894894,0.12920473773265648
1.4934934934934936,0.1304455724760293
1.4974974974974975,0.13168640721940214
1.5015015015015014,0.13292724196277492
1.5055055055055055,0.13416807670614778
1.5095095095095095,0.13540891144952055
1.5135135135135136,0.13664974619289338
1.5175175175175175,0.1378905809362662
1.5215215215215214,0.13906937394247038
1.5255255255255256,0.14
1.5295295295295295,0.14117879300620415
1.5335335335335336,0.1427298364354202
1.5375375375375375,0.14390862944162433
1.5415415415415414,0.14483925549915394
1.5455455455455456,0.14626621545403273
1.5495495495495495,0.1478172588832487
1.5535535535535536,0.14874788494077834
1.5575575575575575,0.14980259447264518
1.5615615615615615,0.15135363790186118
1.5655655655655656,0.1526565143824027
1.5695695695695695,0.1535871404399323
1.5735735735735736,0.1548900169204738
1.5775775775775776,0.15644106034968974
1.5815815815815815,0.1577439368302312
1.5855855855855856,0.15898477157360405
1.5895895895895895,0.16022560631697685
1.5935935935935936,0.1614664410603497
1.5975975975975976,0.1627072758037225
1.6016016016016015,0.16394811054709527
1.6056056056056056,0.16518894529046813
1.6096096096096095,0.16642978003384093
1.6136136136136137,0.1676706147772138
1.6176176176176176,0.16891144952058657
1.6216216216216217,0.1701522842639594
1.6256256256256256,0.1713931190073322
1.6296296296296295,0.17263395375070498
1.6336336336336337,0.17387478849407784
1.6376376376376376,0.17511562323745064
1.6416416416416417,0.17635645798082347
1.6456456456456456,0.17759729272419628
1.6496496496496496,0.17883812746756905
1.6536536536536537,0.1800789622109419
1.6576576576576576,0.18131979695431472
1.6616616616616617,0.18287084038353074
1.6656656656656657,0.18429780033840945
1.6696696696696696,0.18522842639593903
1.6736736736736737,0.18628313592780596
1.6776776776776776,0.1875239706711788
1.6816816816816818,0.18876480541455162
1.6856856856856857,0.19000564015792437
1.6896896896896896,0.19149464184997173
1.6936936936936937,0.1930456852791878
1.6976976976976976,0.19397631133671742
1.7017017017017018,0.19503102086858437
1.7057057057057057,0.1965820642978003
1.7097097097097096,0.19800902425267902
1.7137137137137137,0.19924985899605188
1.7177177177177176,0.20030456852791875
1.7217217217217218,0.20123519458544842
1.7257257257257257,0.20241398759165255
1.7297297297297298,0.20365482233502538
1.7337337337337337,0.20489565707839819
1.7377377377377377,0.20613649182177096
1.7417417417417418,0.20737732656514385
1.7457457457457457,0.20861816130851663
1.7497497497497498,0.20985899605188943
1.7537537537537538,0.2109137055837563
1.7577577577577577,0.2118443316412859
1.7617617617617618,0.212526790750141
1.7657657657657657,0.21314720812182741
1.7697697697697699,0.21438804286520025
1.7737737737737738,0.21550479413423573
1.7777777777777777,0.21612521150592215
1.7817817817817818,0.21674562887760856
1.7857857857857857,0.21736604624929498
1.7897897897897899,0.21817258883248733
1.7937937937937938,0.2191032148900169
1.7977977977977977,0.21978567399887194
1.8018018018018018,0.2204060913705584
1.8058058058058057,0.2204060913705584
1.8098098098098099,0.22059221658206432
1.8138138138138138,0.2215228426395939
1.8178178178178177,0.2223293852227862
1.8218218218218218,0.22294980259447264
1.8258258258258258,0.22357021996615906
1.82982982982983,0.22419063733784547
1.8338338338338338,0.22456288776085728
1.8378378378378377,0.22487309644670048
1.8418418418418419,0.22549351381838692
1.8458458458458458,0.2261139311900733
1.84984984984985,0.22673434856175972
1.8538538538538538,0.2273547659334461
1.8578578578578577,0.2279751833051325
1.8618618618618619,0.22859560067681894
1.8658658658658658,0.22921601804850533
1.86986986986987,0.22983643542019175
1.8738738738738738,0.23045685279187816
1.877877877877878,0.23107727016356458
1.8818818818818819,0.23169768753525097
1.8858858858858858,0.23231810490693738
1.88988988988989,0.2329385222786238
1.8938938938938938,0.23355893965031022
1.897897897897898,0.23417935702199663
1.901901901901902,0.23479977439368302
1.9059059059059058,0.2354201917653694
1.90990990990991,0.23604060913705582
1.9139139139139139,0.23666102650874224
1.917917917917918,0.23728144388042866
1.921921921921922,0.23790186125211504
1.9259259259259258,0.23852227862380143
1.92992992992993,0.23914269599548788
1.9339339339339339,0.23976311336717426
1.937937937937938,0.2403835307388607
1.941941941941942,0.2410039481105471
1.9459459459459458,0.24162436548223348
1.94994994994995,0.2416243654822335
1.9539539539539539,0.24174844895657077
1.957957957957958,0.2423688663282572
1.961961961961962,0.24311336717428086
1.9659659659659658,0.24404399323181045
1.96996996996997,0.24460236886632825
1.973973973973974,0.24491257755217147
1.977977977977978,0.24547095318668924
1.981981981981982,0.24609137055837563
1.985985985985986,0.24671178793006204
1.98998998998999,0.24727016356457981
1.993993993993994,0.247580372250423
1.997997997997998,0.2480146644106035
2.002002002002002,0.24863508178228994
2.006006006006006,0.24925549915397632
2.01001001001001,0.24987591652566274
2.014014014014014,0.24950366610265087
2.018018018018018,0.24888324873096446
2.022022022022022,0.24888324873096446
2.026026026026026,0.2487591652566272
2.03003003003003,0.2481387478849408
2.034034034034034,0.24764241398759168
2.038038038038038,0.24733220530174846
2.042042042042042,0.2468358714043993
2.046046046046046,0.2462154540327129
2.05005005005005,0.2455950366610265
2.054054054054054,0.2449746192893401
2.058058058058058,0.2443542019176537
2.062062062062062,0.24373378454596725
2.066066066066066,0.24311336717428086
2.07007007007007,0.2424929498025945
2.074074074074074,0.24187253243090812
2.078078078078078,0.2412521150592217
2.0820820820820822,0.24063169768753523
2.086086086086086,0.2402594472645234
2.09009009009009,0.2399492385786802
2.094094094094094,0.2393288212069938
2.098098098098098,0.23877044557247604
2.1021021021021022,0.23846023688663281
2.106106106106106,0.23802594472645233
2.11011011011011,0.23740552735476594
2.114114114114114,0.23678510998307956
2.118118118118118,0.23616469261139317
2.1221221221221223,0.2355442752397067
2.126126126126126,0.2349238578680203
2.13013013013013,0.2343034404963339
2.134134134134134,0.2336830231246475
2.138138138138138,0.23306260575296112
2.1421421421421423,0.23244218838127464
2.146146146146146,0.23182177100958823
2.15015015015015,0.23120135363790187
2.154154154154154,0.23058093626621548
2.158158158158158,0.2299605188945291
2.1621621621621623,0.22934010152284262
2.166166166166166,0.22902989283699943
2.17017017017017,0.22865764241398762
2.174174174174174,0.2280372250423012
2.178178178178178,0.22754089114495207
2.1821821821821823,0.22723068245910882
2.186186186186186,0.2267343485617597
2.19019019019019,0.2261139311900733
2.194194194194194,0.22549351381838695
2.1981981981981984,0.2248730964467005
2.2022022022022023,0.2242526790750141
2.206206206206206,0.2236322617033277
2.21021021021021,0.2230118443316413
2.214214214214214,0.22239142695995492
2.2182182182182184,0.22177100958826843
2.2222222222222223,0.22115059221658204
2.2262262262262262,0.22053017484489565
2.23023023023023,0.21990975747320926
2.234234234234234,0.21928934010152284
2.2382382382382384,0.2186689227298364
2.2422422422422423,0.2179864636209814
2.2462462462462462,0.21705583756345181
2.25025025025025,0.2162492949802595
2.254254254254254,0.21562887760857308
2.2582582582582584,0.2150084602368866
2.2622622622622623,0.2143880428652002
2.2662662662662663,0.21327129159616467
2.27027027027027,0.21203045685279187
2.274274274274274,0.21109983079526226
2.2782782782782784,0.21016920473773257
2.2822822822822824,0.20923857868020304
2.2862862862862863,0.2081838691483362
2.29029029029029,0.20694303440496342
2.294294294294294,0.20570219966159062
2.2982982982982985,0.20446136491821768
2.3023023023023024,0.2032205301748449
2.3063063063063063,0.2019796954314721
2.31031031031031,0.20104906937394249
2.314314314314314,0.20005640157924426
2.3183183183183185,0.19881556683587132
2.3223223223223224,0.19745064861816125
2.3263263263263263,0.19589960518894536
2.33033033033033,0.1945346869712353
2.334334334334334,0.19329385222786247
2.3383383383383385,0.1923011844331641
2.3423423423423424,0.19137055837563452
2.3463463463463463,0.19012972363226172
2.3503503503503502,0.18888888888888894
2.354354354354354,0.1876480541455161
2.3583583583583585,0.18640721940214316
2.3623623623623624,0.1851663846587704
2.3663663663663663,0.18392554991539764
2.3703703703703702,0.18268471517202492
2.374374374374374,0.18169204737732667
2.3783783783783785,0.18076142131979694
2.3823823823823824,0.17952058657642414
2.3863863863863863,0.17827975183305134
2.3903903903903903,0.17703891708967856
2.394394394394394,0.1756739988719685
2.3983983983983985,0.1741229554427523
2.4024024024024024,0.17294416243654817
2.4064064064064064,0.1720135363790186
2.4104104104104103,0.17083474337281448
2.414414414414414,0.16959390862944176
2.4184184184184185,0.16835307388606882
2.4224224224224224,0.16717428087986463
2.4264264264264264,0.16624365482233505
2.4304304304304303,0.16506486181613092
2.4344344344344346,0.16351381838691476
2.4384384384384385,0.1621489001692047
2.4424424424424425,0.1609080654258319
2.4464464464464464,0.15991539763113366
2.4504504504504503,0.15898477157360405
2.4544544544544546,0.1577439368302312
2.4584584584584586,0.15644106034968983
2.4624624624624625,0.15489001692047383
2.4664664664664664,0.15358714043993235
2.4704704704704703,0.15265651438240274
2.4744744744744747,0.15153976311336712
2.4784784784784786,0.1502989283699943
2.4824824824824825,0.1490580936266215
2.4864864864864864,0.1478172588832487
2.4904904904904903,0.14688663282571912
2.4944944944944947,0.1458319232938521
2.4984984984984986,0.1442808798646362
2.5025025025025025,0.14297800338409478
2.5065065065065064,0.14204737732656517
2.5105105105105103,0.14093062605752968
2.5145145145145147,0.13968979131415676
2.5185185185185186,0.13844895657078396
2.5225225225225225,0.13720812182741116
2.5265265265265264,0.13596728708403835
2.5305305305305303,0.1347884940778342
2.5345345345345347,0.1338578680203045
2.5385385385385386,0.13280315848843763
2.5425425425425425,0.1315623237450649
2.5465465465465464,0.13032148900169213
2.5505505505505504,0.12908065425831933
2.5545545545545547,0.12808798646362096
2.5585585585585586,0.12715736040609135
2.5625625625625625,0.12591652566271855
2.5665665665665665,0.1247377326565144
2.5705705705705704,0.1238071065989848
2.5745745745745747,0.1227523970671178
2.5785785785785786,0.12151156232374499
2.5825825825825826,0.12027072758037223
2.5865865865865865,0.11902989283699952
2.5905905905905904,0.11803722504230126
2.5945945945945947,0.11710659898477155
2.5985985985985987,0.11617597292724195
2.6026026026026026,0.11518330513254373
2.6066066066066065,0.11394247038917094
2.6106106106106104,0.11270163564579813
2.6146146146146148,0.11146080090242519
2.6186186186186187,0.11040609137055832
2.6226226226226226,0.10947546531302872
2.6266266266266265,0.10804850535815007
2.6306306306306304,0.10649746192893414
2.6346346346346348,0.10556683587140438
2.6386386386386387,0.10457416807670615
2.6426426426426426,0.10333333333333336
2.6466466466466465,0.10221658206429783
2.6506506506506504,0.10128595600676824
2.6546546546546548,0.1001692047377326
2.6586586586586587,0.09892836999435979
2.6626626626626626,0.09768753525098699
2.6666666666666665,0.0964467005076142
2.6706706706706704,0.0955160744500846
2.674674674674675,0.09458544839255492
2.6786786786786787,0.09365482233502538
2.6826826826826826,0.09260011280315855
2.6866866866866865,0.09135927805978575
2.6906906906906904,0.09011844331641294
2.694694694694695,0.08887760857304002
2.6986986986986987,0.08788494077834177
2.7027027027027026,0.08695431472081216
2.7067067067067065,0.08602368866328257
2.710710710710711,0.0850310208685842
2.714714714714715,0.0837901861252114
2.7187187187187187,0.08254935138183862
2.7227227227227226,0.0813085166384659
2.7267267267267266,0.08025380710659905
2.730730730730731,0.07932318104906934
2.734734734734735,0.0778962210941906
2.7387387387387387,0.07634517766497459
2.7427427427427427,0.0757247602932882
2.7467467467467466,0.07504230118443318
2.750750750750751,0.07411167512690348
2.754754754754755,0.07305696559503659
2.7587587587587588,0.07181613085166379
2.7627627627627627,0.07076142131979694
2.7667667667667666,0.06983079526226739
2.770770770770771,0.0689001692047377
2.774774774774775,0.0679695431472081
2.7787787787787788,0.06672870840383531
2.7827827827827827,0.06561195713479978
2.7867867867867866,0.06499153976311339
2.790790790790791,0.06424703891708962
2.794794794794795,0.06331641285956
2.798798798798799,0.06257191201353632
2.8028028028028027,0.06195149464184993
2.8068068068068066,0.06083474337281447
2.810810810810811,0.05959390862944161
2.814814814814815,0.05897349125775521
2.818818818818819,0.05829103214890017
2.8228228228228227,0.05736040609137058
2.8268268268268266,0.05642978003384098
2.830830830830831,0.05549915397631127
2.834834834834835,0.05456852791878167
2.838838838838839,0.05363790186125208
2.8428428428428427,0.052707275803722475
2.8468468468468466,0.051776649746192865
2.850850850850851,0.05115623237450644
2.854854854854855,0.05047377326565145
2.858858858858859,0.04954314720812186
2.8628628628628627,0.04861252115059226
2.8668668668668666,0.04768189509306266
2.870870870870871,0.046937394247038876
2.874874874874875,0.046316976875352474
2.878878878878879,0.045200225606316945
2.8828828828828827,0.04395939086294415
2.8868868868868867,0.04333897349125776
2.890890890890891,0.04265651438240264
2.894894894894895,0.04172588832487307
2.898898898898899,0.04079526226734349
2.9029029029029028,0.039864636209813904
2.9069069069069067,0.039120135363790214
2.910910910910911,0.03849971799210375
2.914914914914915,0.03738296672306823
2.918918918918919,0.03614213197969543
2.9229229229229228,0.03552171460800903
2.9269269269269267,0.03483925549915399
2.930930930930931,0.033908629441624275
2.934934934934935,0.0329780033840947
2.938938938938939,0.03204737732656516
2.942942942942943,0.03130287648054148
2.946946946946947,0.03068245910885501
2.950950950950951,0.029565707839819478
2.954954954954955,0.028324873096446684
2.958958958958959,0.027704455724760296
2.962962962962963,0.027021996615905264
2.966966966966967,0.02609137055837554
2.970970970970971,0.02516074450084593
2.974974974974975,0.024230118443316337
2.978978978978979,0.02329949238578678
2.982982982982983,0.022368866328257242
2.986986986986987,0.02143824027072756
2.990990990990991,0.020507614213197967
2.994994994994995,0.01988719684151156
2.998998998998999,0.019204737732656522
3.003003003003003,0.018274111675126915
3.007007007007007,0.01734348561759721
3.011011011011011,0.01641285956006762
3.015015015015015,0.015482233502538027
3.019019019019019,0.014551607445008434
3.023023023023023,0.013372814438804333
3.027027027027027,0.012131979695431477
3.031031031031031,0.011201353637901854
3.035035035035035,0.010270727580372237
3.039039039039039,0.009340101522842644
3.043043043043043,0.00853355893965032
3.047047047047047,0.007913141567963862
3.051051051051051,0.006920473773265601
3.055055055055055,0.005679639029892806
3.059059059059059,0.0046869712351945555
3.063063063063063,0.0037563451776649326
3.067067067067067,0.0028257191201352945
3.071071071071071,0.001895093062605748
3.075075075075075,0.0009644670050761557
3.079079079079079,-9.024252679070994e-05
3.083083083083083,-0.0013310772701635202
3.0870870870870872,-0.0021996615905245974
3.091091091091091,-0.002820078962211003
3.095095095095095,-0.003688663282571952
3.099099099099099,-0.004619289340101529
3.103103103103103,-0.005860124083474339
3.1071071071071072,-0.007038917089678608
3.111111111111111,-0.007969543147208158
3.115115115115115,-0.00890016920473772
3.119119119119119,-0.009830795262267296
3.123123123123123,-0.01076142131979689
3.1271271271271273,-0.011692047377326603
3.131131131131131,-0.01262267343485621
3.135135135135135,-0.013553299492385817
3.139139139139139,-0.014794134235758628
3.143143143143143,-0.0159729272419628
3.1471471471471473,-0.016903553299492478
3.151151151151151,-0.017834179357022046
3.155155155155155,-0.018764805414551593
3.159159159159159,-0.019881556683587064
3.163163163163163,-0.02112239142695984
3.1671671671671673,-0.02186689227298367
3.171171171171171,-0.022487309644670106
3.175175175175175,-0.02341793570219968
3.179179179179179,-0.024348561759729267
3.183183183183183,-0.025279187817258873
3.1871871871871873,-0.026333897349125886
3.191191191191191,-0.027574732092498697
3.195195195195195,-0.028629441624365537
3.199199199199199,-0.029560067681895088
3.203203203203203,-0.03049069373942466
3.2072072072072073,-0.03142131979695434
3.2112112112112112,-0.032662154540327115
3.215215215215215,-0.03377890580936264
3.219219219219219,-0.03439932318104904
3.2232232232232234,-0.03514382402707282
3.2272272272272273,-0.03607445008460242
3.2312312312312312,-0.037191201353637966
3.235235235235235,-0.03843203609701078
3.239239239239239,-0.039672870840383505
3.2432432432432434,-0.040913705583756343
3.2472472472472473,-0.04184433164128595
3.2512512512512513,-0.042774957698815556
3.255255255255255,-0.043705583756345166
3.259259259259259,-0.0448843767625493
3.2632632632632634,-0.04643542019176545
3.2672672672672673,-0.04761421319796958
3.2712712712712713,-0.04854483925549919
3.275275275275275,-0.049971799210377935
3.279279279279279,-0.051522842639593947
3.2832832832832834,-0.05245346869712357
3.2872872872872874,-0.05350817822899037
3.2912912912912913,-0.055059221658206384
3.295295295295295,-0.0566102650874224
3.299299299299299,-0.058161308516638414
3.3033033033033035,-0.059340101522842706
3.3073073073073074,-0.06027072758037229
3.3113113113113113,-0.061449520586576455
3.315315315315315,-0.06269035532994927
3.319319319319319,-0.06424139875916528
3.3233233233233235,-0.06573040045121277
3.3273273273273274,-0.06697123519458548
3.3313313313313313,-0.06833615341229549
3.335335335335335,-0.0698871968415115
3.339339339339339,-0.07125211505922159
3.3433433433433435,-0.07249294980259452
3.3473473473473474,-0.07373378454596732
3.3513513513513513,-0.07497461928934013
3.3553553553553552,-0.07652566271855614
3.359359359359359,-0.07801466441060351
3.3633633633633635,-0.07925549915397644
3.3673673673673674,-0.0804963338973492
3.3713713713713713,-0.08173716864072192
3.3753753753753752,-0.08297800338409468
3.379379379379379,-0.08421883812746747
3.3833833833833835,-0.08595600676818953
3.3873873873873874,-0.0878172588832487
3.3913913913913913,-0.08874788494077834
3.3953953953953953,-0.08980259447264524
3.399399399399399,-0.09135363790186123
3.4034034034034035,-0.09278059785674009
3.4074074074074074,-0.09402143260011289
3.4114114114114114,-0.09526226734348564
3.4154154154154153,-0.09650310208685835
3.419419419419419,-0.09799210377890567
3.4234234234234235,-0.09954314720812185
3.4274274274274275,-0.10078398195149466
3.4314314314314314,-0.1020868584320361
3.4354354354354353,-0.10363790186125212
3.439439439439439,-0.10506486181613085
3.4434434434434436,-0.10630569655950377
3.4474474474474475,-0.10736040609137061
3.4514514514514514,-0.1082910321489002
3.4554554554554553,-0.10971799210377885
3.4594594594594597,-0.11126903553299494
3.4634634634634636,-0.11250987027636775
3.4674674674674675,-0.11375070501974055
3.4714714714714714,-0.11499153976311334
3.4754754754754753,-0.11635645798082339
3.4794794794794797,-0.11790750141003958
3.4834834834834836,-0.11927241962774963
3.4874874874874875,-0.12051325437112242
3.4914914914914914,-0.12200225606316979
3.4954954954954953,-0.1235532994923858
3.4994994994994997,-0.12479413423575868
3.5035035035035036,-0.12609701071630006
3.5075075075075075,-0.12764805414551608
3.5115115115115114,-0.1290750141003948
3.5155155155155153,-0.1303158488437676
3.5195195195195197,-0.13174280879864644
3.5235235235235236,-0.13329385222786247
3.5275275275275275,-0.13484489565707847
3.5315315315315314,-0.13639593908629444
3.5355355355355353,-0.13794698251551046
3.5395395395395397,-0.13943598420755796
3.5435435435435436,-0.14067681895093065
3.5475475475475475,-0.14204173716864066
3.5515515515515514,-0.14359278059785668
3.5555555555555554,-0.14514382402707268
3.5595595595595597,-0.14669486745628887
3.5635635635635636,-0.1479977439368303
3.5675675675675675,-0.14923857868020307
3.5715715715715715,-0.15078962210941904
3.5755755755755754,-0.15227862380146642
3.5795795795795797,-0.1535194585448394
3.5835835835835836,-0.15488437676254949
3.5875875875875876,-0.15643542019176537
3.5915915915915915,-0.15798646362098132
3.5955955955955954,-0.15953750705019729
3.5995995995995997,-0.16108855047941345
3.6036036036036037,-0.16263959390862948
3.6076076076076076,-0.16419063733784545
3.6116116116116115,-0.16574168076706144
3.6156156156156154,-0.16729272419627747
3.6196196196196198,-0.16859560067681903
3.6236236236236237,-0.16952622673434864
3.6276276276276276,-0.17101522842639597
3.6316316316316315,-0.17287648054145505
3.6356356356356354,-0.1744895657078397
3.6396396396396398,-0.17604060913705588
3.6436436436436437,-0.17728144388042869
3.6476476476476476,-0.17858432036097013
3.6516516516516515,-0.1801353637901861
3.6556556556556554,-0.1816864072194021
3.65965965965966,-0.1832374506486183
3.6636636636636637,-0.1847884940778343
3.6676676676676676,-0.18633953750705026
3.6716716716716715,-0.18789058093626618
3.6756756756756754,-0.18944162436548206
3.67967967967968,-0.19037225042301184
3.6836836836836837,-0.19148900169204736
3.6876876876876876,-0.19335025380710658
3.6916916916916915,-0.19496333897349122
3.6956956956956954,-0.19620417371686402
3.6996996996997,-0.19763113367174287
3.7037037037037037,-0.1991821771009589
3.7077077077077076,-0.20048505358150032
3.7117117117117115,-0.2017258883248731
3.7157157157157155,-0.20358714043993223
3.71971971971972,-0.20538635081782294
3.7237237237237237,-0.2069373942470389
3.7277277277277276,-0.20836435420191762
3.7317317317317316,-0.20960518894529043
3.735735735735736,-0.21084602368866337
3.73973973973974,-0.2120868584320362
3.7437437437437437,-0.21382402707275813
3.7477477477477477,-0.21568527918781732
3.7517517517517516,-0.2169261139311901
3.755755755755756,-0.21816694867456302
3.75975975975976,-0.21940778341793574
3.7637637637637638,-0.22077270163564577
3.7677677677677677,-0.2223237450648618
3.7717717717717716,-0.2236886632825719
3.775775775775776,-0.2249294980259448
3.77977977977978,-0.22641849971799216
3.7837837837837838,-0.2279695431472082
3.7877877877877877,-0.22921037789058096
3.7917917917917916,-0.23045121263395374
3.795795795795796,-0.2316920473773267
3.7997997997998,-0.23293288212069946
3.803803803803804,-0.23417371686407218
3.8078078078078077,-0.23541455160744493
3.8118118118118116,-0.23665538635081776
3.815815815815816,-0.23789622109419067
3.81981981981982,-0.23913705583756345
3.823823823823824,-0.24068809926677948
3.8278278278278277,-0.24217710095882683
3.8318318318318316,-0.24341793570219966
3.835835835835836,-0.24465877044557258
3.83983983983984,-0.24589960518894538
3.843843843843844,-0.24732656514382403
3.8478478478478477,-0.24887760857303995
3.8518518518518516,-0.24993231810490688
3.855855855855856,-0.2508629441624366
3.85985985985986,-0.2524139875916526
3.863863863863864,-0.2539029892837
3.8678678678678677,-0.2551438240270728
3.8718718718718717,-0.2563846587704456
3.875875875875876,-0.25762549351381847
3.87987987987988,-0.25886632825719125
3.883883883883884,-0.2601071630005641
3.8878878878878878,-0.2613479977439368
3.8918918918918917,-0.2625888324873096
3.895895895895896,-0.2638296672306825
3.8998998998999,-0.2651325437112239
3.903903903903904,-0.2666835871404399
3.9079079079079078,-0.26798646362098133
3.9119119119119117,-0.268917089678511
3.915915915915916,-0.2702199661590526
3.91991991991992,-0.27177100958826855
3.923923923923924,-0.27307388606880995
3.9279279279279278,-0.2743147208121828
3.9319319319319317,-0.2755555555555555
3.935935935935936,-0.27685843203609706
3.93993993993994,-0.278409475465313
3.943943943943944,-0.27983643542019176
3.947947947947948,-0.2810772701635646
3.9519519519519517,-0.2823181049069374
3.955955955955956,-0.28355893965031026
3.95995995995996,-0.28479977439368304
3.963963963963964,-0.28604060913705587
3.967967967967968,-0.28697123519458545
3.971971971971972,-0.2878398195149465
3.975975975975976,-0.28846023688663286
3.97997997997998,-0.28908065425831925
3.983983983983984,-0.2897010716300057
3.987987987987988,-0.2901353637901862
3.991991991991992,-0.2904455724760294
3.995995995995996,-0.2907557811618726
4.0,-0.2910659898477158
